,loss,f1_score,val_loss,val_f1_score
0,3.9666855335235596,0.017214270308613777,3.8606929779052734,0.014127288945019245
1,3.7311525344848633,0.043282512575387955,3.351567506790161,0.04012400656938553
2,3.3133974075317383,0.08016545325517654,2.967252254486084,0.12032243609428406
3,2.96034574508667,0.12987945973873138,2.586421251296997,0.19282788038253784
4,2.6638827323913574,0.18879535794258118,2.4056639671325684,0.2342173159122467
5,2.448471784591675,0.23984527587890625,2.452317714691162,0.22283323109149933
6,2.287688732147217,0.27568966150283813,2.146864414215088,0.33723679184913635
7,2.1424527168273926,0.30999964475631714,2.011941909790039,0.3734450042247772
8,2.0176587104797363,0.3637402653694153,1.896105408668518,0.40634414553642273
9,1.9046616554260254,0.38014018535614014,1.8452388048171997,0.42133137583732605
10,1.7919312715530396,0.4250684678554535,1.7582659721374512,0.4347538650035858
11,1.690918207168579,0.43964430689811707,1.7643955945968628,0.4442862570285797
12,1.630752682685852,0.4756702780723572,1.8617991209030151,0.445351779460907
13,1.5654757022857666,0.4972923994064331,1.6261931657791138,0.5272104740142822
14,1.4754794836044312,0.5462449789047241,1.5496325492858887,0.5609703660011292
15,1.4444340467453003,0.5465245842933655,1.4768930673599243,0.5580284595489502
16,1.3278589248657227,0.5693625807762146,1.5160506963729858,0.5745081305503845
17,1.2985222339630127,0.5820634961128235,1.5370312929153442,0.60692298412323
18,1.2852143049240112,0.5877500772476196,1.4280866384506226,0.6044813394546509
19,1.2178593873977661,0.6184473633766174,1.3851318359375,0.627626359462738
20,1.219022512435913,0.6136857867240906,1.2671791315078735,0.6685716509819031
21,1.146985650062561,0.6438659429550171,1.3689236640930176,0.6424959301948547
22,1.0644580125808716,0.6725618243217468,1.407734751701355,0.6419616937637329
23,1.0290158987045288,0.6715923547744751,1.4038355350494385,0.6377979516983032
24,1.0408786535263062,0.6762787103652954,1.3490463495254517,0.7047136425971985
25,1.0102770328521729,0.685453474521637,1.3758317232131958,0.679019570350647
26,0.9847681522369385,0.6917199492454529,1.4690290689468384,0.6576740145683289
27,0.9359254837036133,0.7218161225318909,1.2834668159484863,0.6766319274902344
28,0.8998739719390869,0.726032555103302,1.287096619606018,0.6809327602386475
29,0.8964505195617676,0.7248595356941223,1.2038993835449219,0.6934422254562378
30,0.9033458828926086,0.7138494253158569,1.4614653587341309,0.6659954786300659
31,0.8627721667289734,0.7396993041038513,1.3792896270751953,0.6746028661727905
32,0.8719257116317749,0.7307142615318298,1.4074409008026123,0.6478793621063232
33,0.8173761367797852,0.7545840740203857,1.210974931716919,0.7237372398376465
34,0.8303404450416565,0.7514171004295349,1.2921180725097656,0.7181404232978821
35,0.829389750957489,0.7597405910491943,1.2223644256591797,0.7006329298019409
36,0.80498206615448,0.760263204574585,1.225156307220459,0.7296722531318665
37,0.7156740427017212,0.7861272692680359,1.317712664604187,0.6965427994728088
38,0.7032527923583984,0.7996643781661987,1.2800712585449219,0.6963130235671997
39,0.7124453783035278,0.7808981537818909,1.291211485862732,0.7022352814674377
40,0.704692006111145,0.7912922501564026,1.2573301792144775,0.7313686609268188
41,0.6807412505149841,0.7985313534736633,1.3908778429031372,0.6924534440040588
42,0.661688506603241,0.807374119758606,1.3076362609863281,0.7417375445365906
43,0.6425562500953674,0.8185849189758301,1.2637652158737183,0.7151702046394348
44,0.661697506904602,0.807267963886261,1.1966297626495361,0.7534158825874329
45,0.6622028946876526,0.8198769092559814,1.3030734062194824,0.7241919040679932
46,0.653752863407135,0.8080211877822876,1.2126808166503906,0.7641739845275879
47,0.6253798007965088,0.8204918503761292,1.1647002696990967,0.7686955332756042
48,0.5900428295135498,0.8253056406974792,1.1282391548156738,0.7619149088859558
49,0.5942347049713135,0.8320263028144836,1.3221852779388428,0.7545661330223083
50,0.572797954082489,0.8394522666931152,1.2784169912338257,0.753745436668396
51,0.5520679354667664,0.8477469682693481,1.2723395824432373,0.7475422024726868
52,0.5369307994842529,0.8532066345214844,1.44684898853302,0.7327926754951477
53,0.5949141979217529,0.8333457708358765,1.5265424251556396,0.71636563539505
54,0.6278714537620544,0.8286909461021423,1.3085885047912598,0.7445775866508484
55,0.5962074398994446,0.841440737247467,1.3426331281661987,0.7594942450523376
56,0.5254791975021362,0.8525813221931458,1.3305882215499878,0.7627590894699097
57,0.5382815003395081,0.8593080043792725,1.3606911897659302,0.7598346471786499
58,0.5605714321136475,0.8519180417060852,1.3872631788253784,0.7580327391624451
59,0.5242668986320496,0.8640799522399902,1.4477838277816772,0.753516435623169
60,0.4953377842903137,0.8661386370658875,1.422852635383606,0.7430280447006226
61,0.5069396495819092,0.8695985674858093,1.2423497438430786,0.7856413125991821
62,0.4884408712387085,0.8732278347015381,1.3164665699005127,0.7760708332061768
63,0.470150351524353,0.8757348656654358,1.4028328657150269,0.7698737382888794
64,0.5113092660903931,0.8731683492660522,1.2854899168014526,0.7502914667129517
65,0.5086216330528259,0.8695608377456665,1.3848212957382202,0.7589571475982666
66,0.47747835516929626,0.8754210472106934,1.3450469970703125,0.7755641341209412
67,0.47535642981529236,0.8742517232894897,1.3393363952636719,0.7716023921966553
68,0.49905961751937866,0.8745926022529602,1.4702427387237549,0.7567969560623169
69,0.4828338027000427,0.8730387091636658,1.261566162109375,0.7975212335586548
70,0.4475671052932739,0.8826402425765991,1.3495696783065796,0.776865541934967
71,0.4623855948448181,0.8810795545578003,1.4625225067138672,0.7399972677230835
72,0.4538727402687073,0.8809939026832581,1.4244948625564575,0.7796279788017273
73,0.3915654420852661,0.8946539163589478,1.4350790977478027,0.7734758853912354
74,0.42948460578918457,0.8918460607528687,1.2109315395355225,0.8030133843421936
75,0.44483229517936707,0.8868820071220398,1.3073501586914062,0.78495192527771
76,0.4288561940193176,0.8901529908180237,1.274256706237793,0.7700713872909546
77,0.4195731282234192,0.8935250639915466,1.408250093460083,0.7783100605010986
78,0.47405704855918884,0.8806726336479187,1.3937052488327026,0.7935913801193237
79,0.46933498978614807,0.8826906085014343,1.3757647275924683,0.7985920906066895
80,0.48605528473854065,0.8691073656082153,1.3153854608535767,0.7725048661231995
81,0.42279869318008423,0.8912554979324341,1.1841427087783813,0.7863895297050476
82,0.40182581543922424,0.9047976732254028,1.2759926319122314,0.7904241681098938
83,0.40512755513191223,0.9020736217498779,1.2125164270401,0.8054185509681702
84,0.4365893602371216,0.8888223171234131,1.286125659942627,0.8080043792724609
85,0.4541049301624298,0.8931170701980591,1.4048060178756714,0.7896496653556824
86,0.44242972135543823,0.8865104913711548,1.2910633087158203,0.793860912322998
87,0.4576704204082489,0.8921059966087341,1.4340555667877197,0.7795370221138
88,0.4323112964630127,0.8912304043769836,1.4458000659942627,0.7511838674545288
89,0.3862092196941376,0.9046165347099304,1.4520970582962036,0.7834866046905518
90,0.43009713292121887,0.8951270580291748,1.3661104440689087,0.7832164168357849
91,0.40532177686691284,0.9006713628768921,1.1692758798599243,0.8035984635353088
92,0.4418010115623474,0.90205979347229,1.4699097871780396,0.7525161504745483
93,0.42249298095703125,0.898470938205719,1.2937556505203247,0.7878555059432983
94,0.4205347001552582,0.8989920616149902,1.577771544456482,0.7492883205413818
95,0.4716276526451111,0.8791024684906006,1.393645167350769,0.7805944085121155
96,0.3760487735271454,0.9076344966888428,1.416957139968872,0.7885445356369019
97,0.35246923565864563,0.9113715887069702,1.5978718996047974,0.7643334865570068
98,0.3793339729309082,0.9125548005104065,1.3130149841308594,0.790560781955719
99,0.35486194491386414,0.9176316857337952,1.4947502613067627,0.7844428420066833
100,0.40451085567474365,0.8988475799560547,1.639943242073059,0.7599618434906006
101,0.3880355656147003,0.9077333211898804,1.382989525794983,0.7956485152244568
102,0.36166441440582275,0.9192190766334534,1.4583592414855957,0.7919843792915344
103,0.3078138828277588,0.9319642782211304,1.4736520051956177,0.7874223589897156
104,0.3345291018486023,0.9204685688018799,1.3999923467636108,0.7909787893295288
105,0.367672324180603,0.9214260578155518,1.5510891675949097,0.7784093618392944
106,0.4094449579715729,0.9044541716575623,1.7381205558776855,0.7675445079803467
107,0.3648715913295746,0.9122158288955688,1.6738804578781128,0.7721320986747742
108,0.3618829846382141,0.9136581420898438,1.522716999053955,0.7689746022224426
109,0.401811808347702,0.9079617261886597,1.4064656496047974,0.8127155900001526
110,0.3812924921512604,0.9142738580703735,1.4458417892456055,0.7976481914520264
111,0.3979044258594513,0.9089962840080261,1.5290658473968506,0.7804591655731201
112,0.39535102248191833,0.9087396264076233,1.4778211116790771,0.770580530166626
113,0.3852217495441437,0.9093338251113892,1.5231730937957764,0.7885646224021912
114,0.4268108606338501,0.8950904607772827,1.397278070449829,0.8066948056221008
115,0.3486410975456238,0.9217573404312134,1.2990425825119019,0.8105952739715576
116,0.3470005691051483,0.9164319038391113,1.390398621559143,0.8046355247497559
117,0.3169226050376892,0.9315656423568726,1.4484354257583618,0.7895065546035767
118,0.31923332810401917,0.9320801496505737,1.3120348453521729,0.7882998585700989
119,0.3387601375579834,0.9266741275787354,1.472141981124878,0.7814865112304688
120,0.35015273094177246,0.9210922122001648,1.4491727352142334,0.7895687818527222
121,0.36116403341293335,0.915947437286377,1.4128245115280151,0.7939387559890747
122,0.32449623942375183,0.9272466897964478,1.4874017238616943,0.798837423324585
123,0.3405551314353943,0.9218525886535645,1.5364328622817993,0.8115578293800354
124,0.4041880667209625,0.9111232757568359,1.5408860445022583,0.7783392071723938
125,0.4000612199306488,0.909646213054657,1.4403266906738281,0.7881032824516296
126,0.3984268307685852,0.9131510853767395,1.5369596481323242,0.786183774471283
127,0.3234095573425293,0.9308992028236389,1.5377566814422607,0.784908652305603
128,0.3022696077823639,0.9304060339927673,1.5183767080307007,0.7869011759757996
129,0.3773793876171112,0.9156011939048767,1.677348017692566,0.7761217355728149
130,0.40946993231773376,0.9034609794616699,1.553971290588379,0.7805415391921997
131,0.3643466830253601,0.9188942909240723,1.5917096138000488,0.783997118473053
132,0.3756895363330841,0.9194527268409729,1.6305149793624878,0.7584406137466431
133,0.37892866134643555,0.916667640209198,1.3985646963119507,0.7999216318130493
134,0.3635917901992798,0.9174240827560425,1.5652389526367188,0.7677748203277588
135,0.3653203248977661,0.9198289513587952,1.5317455530166626,0.7851924300193787
136,0.386616975069046,0.9143580794334412,1.6338199377059937,0.7763059139251709
137,0.39083293080329895,0.9071633219718933,1.5040568113327026,0.7799820899963379
138,0.38618558645248413,0.9161878228187561,1.4848231077194214,0.786638617515564
139,0.34338709712028503,0.9312717914581299,1.2454416751861572,0.8010131120681763
140,0.3379174470901489,0.9184916615486145,1.3273487091064453,0.7920712828636169
141,0.3278014063835144,0.9335048198699951,1.4421861171722412,0.7786633372306824
142,0.3204628825187683,0.937907338142395,1.2688798904418945,0.8406016826629639
143,0.3409614562988281,0.9285619258880615,1.4218720197677612,0.7808167934417725
144,0.3155255913734436,0.932529628276825,1.3326359987258911,0.7908597588539124
145,0.2973523736000061,0.9390272498130798,1.3369231224060059,0.8048417568206787
146,0.32004326581954956,0.9370480179786682,1.3570269346237183,0.8322567939758301
147,0.3099285662174225,0.9324842095375061,1.3147221803665161,0.7868579030036926
148,0.3269566595554352,0.9263649582862854,1.2507200241088867,0.8189331293106079
149,0.3027685880661011,0.9309037923812866,1.3471232652664185,0.8037933111190796
150,0.3613407015800476,0.9205523729324341,1.5151262283325195,0.7913014888763428
151,0.3287866413593292,0.9276062846183777,1.5527104139328003,0.7901085019111633
152,0.3848069906234741,0.9155399799346924,1.5865808725357056,0.768807053565979
153,0.38704490661621094,0.9168555736541748,1.4475734233856201,0.7822363376617432
154,0.32494762539863586,0.9296920895576477,1.5264900922775269,0.778068482875824
155,0.33382007479667664,0.9347607493400574,1.5624518394470215,0.7865546345710754
156,0.4378773868083954,0.9024132490158081,1.5487830638885498,0.7832633256912231
157,0.448077917098999,0.8995710611343384,1.4299572706222534,0.7958739995956421
158,0.3592694401741028,0.9273378849029541,1.3722774982452393,0.7984333634376526
159,0.2807128131389618,0.9412188529968262,1.3766956329345703,0.7995055317878723
160,0.28835275769233704,0.9404463171958923,1.5211451053619385,0.7847651839256287
161,0.314499169588089,0.9364515542984009,1.3374725580215454,0.7949962615966797
162,0.2882798910140991,0.9397699236869812,1.4732460975646973,0.7873366475105286
163,0.3131307065486908,0.9357844591140747,1.4415478706359863,0.8012951612472534
164,0.3333045542240143,0.9363634586334229,1.3184574842453003,0.8239297270774841
165,0.31348806619644165,0.9353413581848145,1.4349528551101685,0.8011212348937988
166,0.29736360907554626,0.9362072944641113,1.4768409729003906,0.7864109873771667
167,0.2835928201675415,0.939650297164917,1.3590174913406372,0.7985106706619263
168,0.30252963304519653,0.936735987663269,1.4035217761993408,0.8088188767433167
169,0.30793553590774536,0.9333254098892212,1.5432671308517456,0.7997990250587463
170,0.34029027819633484,0.9273200035095215,1.6458022594451904,0.77272629737854
171,0.38170164823532104,0.9183091521263123,1.4546831846237183,0.8070134520530701
172,0.3293856978416443,0.9318329095840454,1.3368202447891235,0.828383207321167
173,0.3219364285469055,0.9320711493492126,1.5559080839157104,0.7855232357978821
174,0.299365758895874,0.9363188147544861,1.490166187286377,0.7881298661231995
175,0.3478802740573883,0.9301976561546326,1.4556747674942017,0.8169757127761841
176,0.3349791169166565,0.9250820875167847,1.607343316078186,0.7926545739173889
177,0.3320363163948059,0.9354367256164551,1.4502865076065063,0.8055583238601685
178,0.3527580201625824,0.9278303384780884,1.4963327646255493,0.8054172992706299
179,0.32972005009651184,0.927188515663147,1.3571511507034302,0.8116610050201416
180,0.3105236887931824,0.9335682392120361,1.4846773147583008,0.7946385145187378
181,0.3305210769176483,0.936234712600708,1.61895751953125,0.7828199863433838
182,0.36754652857780457,0.9193488955497742,1.584484577178955,0.822333812713623
183,0.34634536504745483,0.9274186491966248,1.620928406715393,0.7778740525245667
184,0.31290367245674133,0.9340383410453796,1.5144456624984741,0.8153119683265686
185,0.324739009141922,0.9300264716148376,1.5090967416763306,0.8246550559997559
186,0.3345277011394501,0.930568516254425,1.7830414772033691,0.7758132815361023
187,0.34459275007247925,0.9307412505149841,1.596018671989441,0.7817100286483765
188,0.35345733165740967,0.9256117343902588,1.686491847038269,0.7837404608726501
189,0.3427768647670746,0.9270376563072205,1.4729132652282715,0.7996713519096375
190,0.3102799654006958,0.9361491203308105,1.6076887845993042,0.813896894454956
191,0.3085540235042572,0.9364945292472839,1.508201003074646,0.8058353662490845
192,0.3377574682235718,0.9300490021705627,1.6143643856048584,0.7849336266517639
193,0.38349825143814087,0.9220122694969177,1.4838975667953491,0.7888286113739014
194,0.36419668793678284,0.920421302318573,1.6407396793365479,0.7857499122619629
195,0.35550668835639954,0.9203603863716125,1.5185118913650513,0.7949104905128479
196,0.31210610270500183,0.9409744739532471,1.4289731979370117,0.7994625568389893
197,0.2759974002838135,0.941615879535675,1.5504212379455566,0.8059717416763306
198,0.31097611784935,0.9346939921379089,1.5475071668624878,0.8057464361190796
199,0.35631322860717773,0.9279783368110657,1.3825725317001343,0.8210699558258057
200,0.3083949089050293,0.9374427795410156,1.4495272636413574,0.821785569190979
201,0.31157994270324707,0.9363151788711548,1.4158488512039185,0.8383146524429321
202,0.26821422576904297,0.944365382194519,1.3948750495910645,0.8230488300323486
203,0.2683325409889221,0.9547263979911804,1.4956237077713013,0.8132003545761108
204,0.27895209193229675,0.9456182718276978,1.524763822555542,0.8047733902931213
205,0.3190896213054657,0.9362605810165405,1.5762797594070435,0.801018238067627
206,0.3536604940891266,0.9295032024383545,1.4661027193069458,0.8239361643791199
207,0.35968607664108276,0.9292718768119812,1.383625864982605,0.8325161933898926
208,0.28807294368743896,0.9445997476577759,1.3258247375488281,0.8420402407646179
209,0.3227230906486511,0.9376997351646423,1.2617573738098145,0.8347740173339844
210,0.2754516899585724,0.9459342360496521,1.3256731033325195,0.8113017082214355
211,0.3465450406074524,0.9330167174339294,1.394920825958252,0.8083755970001221
212,0.2942740321159363,0.9398760199546814,1.382076382637024,0.8171651363372803
213,0.2737448811531067,0.9495577216148376,1.5960367918014526,0.7922589182853699
214,0.22238756716251373,0.9595944285392761,1.4671655893325806,0.8192580938339233
215,0.2514501214027405,0.95379239320755,1.4414558410644531,0.8113890290260315
216,0.273861825466156,0.9492331147193909,1.372148871421814,0.8328761458396912
217,0.2711796760559082,0.9483988285064697,1.2789955139160156,0.8378350734710693
218,0.31257927417755127,0.9374845623970032,1.3814810514450073,0.8174923062324524
219,0.2915317416191101,0.9456432461738586,1.3660550117492676,0.8297488689422607
220,0.27476778626441956,0.948793351650238,1.696026086807251,0.7957710027694702
221,0.3034830689430237,0.9394721984863281,1.5528688430786133,0.821464478969574
222,0.32703879475593567,0.9363647699356079,1.513621211051941,0.7824485898017883
223,0.3942960500717163,0.9160932898521423,1.592565894126892,0.7826451659202576
224,0.2992675304412842,0.9374057650566101,1.6506736278533936,0.7821696400642395
225,0.31496959924697876,0.9357502460479736,1.549918532371521,0.8028915524482727
226,0.30063968896865845,0.9420313835144043,1.491976261138916,0.8253871202468872
227,0.2747322916984558,0.947431206703186,1.5086281299591064,0.8296312093734741
228,0.2978116571903229,0.9395498633384705,1.4707494974136353,0.8095327615737915
229,0.29307594895362854,0.9457994103431702,1.4530233144760132,0.8176743388175964
230,0.2899700105190277,0.9437828063964844,1.5240148305892944,0.8164563179016113
231,0.28900596499443054,0.9449164867401123,1.5153671503067017,0.8060734272003174
232,0.2953042685985565,0.9423595666885376,1.4326825141906738,0.806977391242981
233,0.24725884199142456,0.9492149353027344,1.6313713788986206,0.8137904405593872
234,0.30858078598976135,0.9362220764160156,1.4564964771270752,0.8221034407615662
235,0.3285865783691406,0.9368928670883179,1.659117341041565,0.7919090390205383
236,0.3292253017425537,0.9354557991027832,1.6282455921173096,0.7842045426368713
237,0.3110157549381256,0.9316136240959167,1.5273107290267944,0.8216879367828369
238,0.3406580984592438,0.9282439947128296,1.7486214637756348,0.7916957139968872
239,0.32034996151924133,0.9331297874450684,1.524344801902771,0.8018388152122498
240,0.31680136919021606,0.9321060180664062,1.5027002096176147,0.8088594079017639
241,0.4042704701423645,0.9199802279472351,1.3568525314331055,0.8140081763267517
242,0.3423244059085846,0.9353086948394775,1.4531253576278687,0.8260794281959534
243,0.32509756088256836,0.9308965802192688,1.3989605903625488,0.8250018358230591
244,0.292255163192749,0.9436506628990173,1.2688075304031372,0.8472599983215332
245,0.2536391615867615,0.9557783603668213,1.4263862371444702,0.8482243418693542
246,0.2807089388370514,0.9457067847251892,1.3389064073562622,0.8364816904067993
247,0.23050102591514587,0.9574587941169739,1.5210280418395996,0.8251479268074036
248,0.2847999930381775,0.9559081792831421,1.5311530828475952,0.8237302899360657
249,0.2660486400127411,0.9522355794906616,1.4814389944076538,0.818452000617981
250,0.2574794888496399,0.9506601095199585,1.3258525133132935,0.8289927840232849
251,0.28402501344680786,0.9469758868217468,1.462994933128357,0.82558274269104
252,0.31305423378944397,0.9378752112388611,1.4610868692398071,0.8152040243148804
253,0.35501646995544434,0.927794337272644,1.7530187368392944,0.7971994876861572
254,0.3734174072742462,0.9311714768409729,1.6547915935516357,0.7956629991531372
255,0.3382807970046997,0.9269229173660278,1.5923787355422974,0.8144010901451111
256,0.35051465034484863,0.9304487705230713,1.6122404336929321,0.8054248690605164
257,0.3048287630081177,0.9388380646705627,1.481689214706421,0.7946756482124329
258,0.26617562770843506,0.9484683275222778,1.4686861038208008,0.8244249224662781
259,0.24101772904396057,0.9560126662254333,1.5328116416931152,0.8090177774429321
260,0.2854521572589874,0.9412025213241577,1.5042221546173096,0.8153935074806213
261,0.27551066875457764,0.943907618522644,1.4955294132232666,0.8205963373184204
262,0.2603820562362671,0.9522473216056824,1.3978030681610107,0.8117372393608093
263,0.26917070150375366,0.9525399804115295,1.3726799488067627,0.8210397958755493
264,0.28431713581085205,0.9417991638183594,1.3936963081359863,0.8244151473045349
265,0.3268999755382538,0.9362319707870483,1.6778894662857056,0.8070216178894043
266,0.29853174090385437,0.9445579648017883,1.4032349586486816,0.8285655379295349
267,0.27796366810798645,0.9491103887557983,1.469774842262268,0.810889482498169
268,0.3035692870616913,0.9418109059333801,1.6378028392791748,0.8059889078140259
269,0.29077285528182983,0.9466498494148254,1.439305305480957,0.8251674175262451
270,0.2969319224357605,0.9441713094711304,1.5308723449707031,0.7976992130279541
271,0.3135829269886017,0.9413520693778992,1.3732635974884033,0.8218406438827515
272,0.3117126524448395,0.9367070198059082,1.36241614818573,0.8227689862251282
273,0.37153616547584534,0.9244014620780945,1.4717854261398315,0.8034634590148926
274,0.32787901163101196,0.9354822039604187,1.5736604928970337,0.7950224280357361
275,0.3156772255897522,0.9360278248786926,1.394100308418274,0.8149484395980835
276,0.3493427038192749,0.9354773163795471,1.4272854328155518,0.7932467460632324
277,0.3226025402545929,0.9412155151367188,1.511648416519165,0.8201078176498413
278,0.3940512239933014,0.9220389723777771,1.5678685903549194,0.811845064163208
279,0.43131694197654724,0.9116136431694031,1.5070463418960571,0.8106178045272827
280,0.3938216269016266,0.9187888503074646,1.5860280990600586,0.7927095890045166
281,0.3375527560710907,0.9366906881332397,1.5597096681594849,0.8162555694580078
282,0.34910720586776733,0.9300556778907776,1.585118055343628,0.7975645661354065
283,0.3242015540599823,0.9369964599609375,1.6349592208862305,0.7993970513343811
284,0.38694998621940613,0.9266014099121094,1.4557578563690186,0.795360267162323
285,0.3981979191303253,0.9211297631263733,1.3373665809631348,0.8068267703056335
286,0.3048919439315796,0.9399960041046143,1.3802505731582642,0.8292825818061829
287,0.2930713891983032,0.9427717328071594,1.5627880096435547,0.8069661855697632
288,0.31066563725471497,0.9351420402526855,1.4711394309997559,0.7819960713386536
289,0.24342414736747742,0.9569050669670105,1.5295366048812866,0.8022260069847107
290,0.2664481997489929,0.9509292840957642,1.3785773515701294,0.832190990447998
291,0.343843936920166,0.9360595941543579,1.626078486442566,0.7851475477218628
292,0.3379305303096771,0.9384642839431763,1.466326355934143,0.821409285068512
293,0.27468141913414,0.9537214040756226,1.4822800159454346,0.8141139149665833
294,0.2730309069156647,0.9498878717422485,1.4004595279693604,0.8136193156242371
295,0.23028479516506195,0.9630772471427917,1.357485294342041,0.8302862048149109
296,0.3407633900642395,0.9401230812072754,1.7659213542938232,0.773771345615387
297,0.40859872102737427,0.918745219707489,1.5151174068450928,0.8189768195152283
298,0.32192590832710266,0.9358410835266113,1.4389166831970215,0.826463520526886
299,0.30594974756240845,0.9430689215660095,1.2550545930862427,0.8491750359535217
300,0.3348635137081146,0.9390377998352051,1.2705652713775635,0.8585519194602966
301,0.3181356191635132,0.9368292093276978,1.4708460569381714,0.8245986104011536
302,0.29689711332321167,0.9449762105941772,1.4686226844787598,0.7998433113098145
303,0.3776523470878601,0.924797534942627,1.6341938972473145,0.797637403011322
304,0.38686060905456543,0.9292628765106201,1.656662940979004,0.8005008101463318
305,0.36146387457847595,0.9262540340423584,1.3916157484054565,0.8200526237487793
306,0.3177322447299957,0.9431359767913818,1.4370654821395874,0.834360659122467
307,0.31868258118629456,0.9438550472259521,1.3915183544158936,0.8325865864753723
308,0.27379220724105835,0.9532667398452759,1.2904465198516846,0.8324587345123291
309,0.2603343725204468,0.9487413167953491,1.2859441041946411,0.8356379866600037
310,0.2526947557926178,0.955767810344696,1.6027575731277466,0.8007234334945679
311,0.3270728886127472,0.9437263607978821,1.4049186706542969,0.8233287334442139
312,0.28951266407966614,0.9436405897140503,1.3767658472061157,0.8215383887290955
313,0.26217395067214966,0.9570449590682983,1.2372605800628662,0.8632017374038696
314,0.27436864376068115,0.9498071074485779,1.4352517127990723,0.8166734576225281
315,0.27801793813705444,0.9527772665023804,1.4913427829742432,0.8219714164733887
316,0.3099912703037262,0.9425950646400452,1.4050464630126953,0.8282617926597595
317,0.2650100886821747,0.9532198905944824,1.39585280418396,0.8295475244522095
318,0.2947608530521393,0.9471471905708313,1.4728180170059204,0.8279054164886475
319,0.33905938267707825,0.9381057620048523,1.597838282585144,0.8158937096595764
320,0.2997640073299408,0.9419679045677185,1.37396240234375,0.8342971801757812
321,0.2675217092037201,0.951541006565094,1.4159934520721436,0.8144577145576477
322,0.2858213782310486,0.9557942152023315,1.3644651174545288,0.8239535689353943
323,0.26398515701293945,0.9537181854248047,1.5690363645553589,0.7994878888130188
324,0.30009183287620544,0.94488126039505,1.4280951023101807,0.8219634294509888
325,0.25149479508399963,0.9516197443008423,1.3503426313400269,0.8284971714019775
326,0.25852710008621216,0.952907383441925,1.391844630241394,0.8471401333808899
327,0.26315730810165405,0.9567558169364929,1.4014419317245483,0.8355600237846375
328,0.23828580975532532,0.9638094902038574,1.4322328567504883,0.8233241438865662
329,0.2783295810222626,0.9462414383888245,1.4693135023117065,0.8034024238586426
330,0.2180011123418808,0.9646186828613281,1.3711007833480835,0.8365532159805298
331,0.28754717111587524,0.9441812038421631,1.4471572637557983,0.8137714266777039
332,0.33862048387527466,0.9417683482170105,1.5110071897506714,0.8045910596847534
333,0.2826663553714752,0.950826108455658,1.4988902807235718,0.825221836566925
334,0.2842177450656891,0.946957528591156,1.5708506107330322,0.8261951208114624
335,0.2566751539707184,0.9518848657608032,1.4794179201126099,0.8157419562339783
336,0.28876006603240967,0.9496660828590393,1.564579963684082,0.8010749220848083
337,0.24911530315876007,0.9517378211021423,1.578290343284607,0.8051883578300476
338,0.31407788395881653,0.9423472881317139,1.5249183177947998,0.8242353796958923
339,0.239401713013649,0.9580259919166565,1.5482828617095947,0.8272967338562012
340,0.29756027460098267,0.9501407146453857,1.6010726690292358,0.7973809838294983
341,0.3886633515357971,0.921634316444397,1.6373564004898071,0.8075511455535889
342,0.33826950192451477,0.932453453540802,1.4654821157455444,0.8204227685928345
343,0.2447878122329712,0.9506527781486511,1.3559845685958862,0.8256531357765198
344,0.2844966948032379,0.9515524506568909,1.3838036060333252,0.812716007232666
345,0.25651684403419495,0.950896143913269,1.4920631647109985,0.8108956813812256
346,0.27004480361938477,0.9522228240966797,1.2881495952606201,0.8261001706123352
347,0.28168943524360657,0.9509919881820679,1.6146085262298584,0.8240455389022827
348,0.28937670588493347,0.9451560974121094,1.4973982572555542,0.7989904880523682
349,0.3028760850429535,0.9510215520858765,1.592157006263733,0.8077815175056458
350,0.41525596380233765,0.9195546507835388,1.3920081853866577,0.8231407999992371
351,0.37299245595932007,0.9318109154701233,1.3357421159744263,0.8184934258460999
352,0.3267430067062378,0.9349773526191711,1.501421332359314,0.8121893405914307
353,0.37687617540359497,0.9284565448760986,1.6948450803756714,0.778099536895752
354,0.4415648579597473,0.9182858467102051,1.364146113395691,0.8188906908035278
355,0.3582738935947418,0.9277539253234863,1.5461663007736206,0.797241747379303
356,0.3124147057533264,0.9404335021972656,1.4296168088912964,0.804171621799469
357,0.3006412386894226,0.9463993906974792,1.6003694534301758,0.8166642785072327
358,0.28654369711875916,0.951825737953186,1.5165441036224365,0.8142748475074768
359,0.27519023418426514,0.9487091302871704,1.4437638521194458,0.8204165697097778
360,0.2686024606227875,0.9571740627288818,1.566987156867981,0.8084346055984497
361,0.34757673740386963,0.9379152655601501,1.4789609909057617,0.8274513483047485
362,0.3580673038959503,0.9282594919204712,1.6435362100601196,0.7951256632804871
363,0.33122074604034424,0.9368537664413452,1.6112970113754272,0.7892603874206543
364,0.32363811135292053,0.94046950340271,1.439786672592163,0.8220034241676331
365,0.2836052477359772,0.945391833782196,1.5007590055465698,0.8044312000274658
366,0.29702499508857727,0.9466201663017273,1.5500577688217163,0.7997581362724304
367,0.28232458233833313,0.9537315368652344,1.3879525661468506,0.8088676929473877
368,0.30375099182128906,0.9455267190933228,1.4853109121322632,0.8158601522445679
369,0.31638744473457336,0.9401907324790955,1.5862594842910767,0.8015010952949524
370,0.29473307728767395,0.9485822916030884,1.3572925329208374,0.8327270746231079
371,0.2630781829357147,0.9549939036369324,1.3874473571777344,0.8240916728973389
372,0.26528602838516235,0.954633891582489,1.4747234582901,0.8048914074897766
373,0.29983118176460266,0.9444915652275085,1.4635692834854126,0.8000338673591614
374,0.3190200924873352,0.9401465058326721,1.547601580619812,0.7866369485855103
375,0.34050920605659485,0.9381637573242188,1.7437397241592407,0.7588762044906616
376,0.3574390709400177,0.9263202548027039,1.4166656732559204,0.8131467700004578
377,0.3118477463722229,0.9412683844566345,1.4648606777191162,0.7858947515487671
378,0.31944864988327026,0.9497359991073608,1.4601945877075195,0.827218234539032
379,0.25289902091026306,0.9529174566268921,1.3638073205947876,0.8144591450691223
380,0.2867778539657593,0.9511317610740662,1.3738962411880493,0.8233377933502197
381,0.3239285349845886,0.9368594884872437,1.572028398513794,0.7978673577308655
382,0.30922943353652954,0.9500920176506042,1.6082948446273804,0.8171141147613525
383,0.3133160471916199,0.9445189833641052,1.6124651432037354,0.8002771735191345
384,0.3328721225261688,0.9440380930900574,1.6152466535568237,0.8030325174331665
385,0.341427206993103,0.9398276805877686,1.5037912130355835,0.8197364807128906
386,0.3151704967021942,0.9420143365859985,1.4608633518218994,0.8263054490089417
387,0.3506116271018982,0.9330141544342041,1.4416396617889404,0.7990081906318665
388,0.313701331615448,0.944413423538208,1.4386059045791626,0.806959867477417
389,0.32104453444480896,0.9413025379180908,1.4718788862228394,0.805450975894928
390,0.3051609992980957,0.9439848065376282,1.5104211568832397,0.8065145611763
391,0.36047133803367615,0.934102475643158,1.3865103721618652,0.8232383728027344
392,0.32081225514411926,0.9392793774604797,1.4088917970657349,0.8202029466629028
393,0.31001752614974976,0.9407086372375488,1.433190107345581,0.8339550495147705
394,0.2814331650733948,0.956454336643219,1.5296355485916138,0.7945148944854736
395,0.29953742027282715,0.9509162902832031,1.7062605619430542,0.810085117816925
396,0.29209068417549133,0.9481250047683716,1.455140471458435,0.8148776292800903
397,0.2625417411327362,0.9567659497261047,1.4313504695892334,0.813812255859375
398,0.3151681125164032,0.941325843334198,1.3768116235733032,0.8040540814399719
399,0.3206945061683655,0.9399740695953369,1.519796371459961,0.7982238531112671
400,0.3429490029811859,0.9382209777832031,1.4780091047286987,0.81394362449646
401,0.2587713301181793,0.9634438157081604,1.4458231925964355,0.8046847581863403
402,0.25927212834358215,0.958372175693512,1.353346824645996,0.8029809594154358
403,0.2500913143157959,0.9580668807029724,1.3236223459243774,0.8080122470855713
404,0.2549879848957062,0.959075927734375,1.6356010437011719,0.7989486455917358
405,0.2753593325614929,0.9557827711105347,1.3092360496520996,0.8455657958984375
406,0.23593363165855408,0.9633722901344299,1.425959587097168,0.8243245482444763
407,0.31689074635505676,0.9480035305023193,1.4717226028442383,0.8092800974845886
408,0.31542283296585083,0.9404433965682983,1.6456149816513062,0.8041987419128418
409,0.29147812724113464,0.9480294585227966,1.4798558950424194,0.7900649905204773
410,0.2671029269695282,0.9519299864768982,1.3625916242599487,0.8317298889160156
411,0.24692605435848236,0.9615702629089355,1.3463094234466553,0.8233421444892883
412,0.2605434060096741,0.9608503580093384,1.3827682733535767,0.829231858253479
413,0.233901247382164,0.9608121514320374,1.3530941009521484,0.8380778431892395
414,0.26640766859054565,0.951653003692627,1.4586886167526245,0.7965663075447083
415,0.3219492435455322,0.9435034394264221,1.3729172945022583,0.8230370283126831
416,0.26860159635543823,0.9536435008049011,1.3513705730438232,0.821196436882019
417,0.2437373250722885,0.9618919491767883,1.325509786605835,0.8166792392730713
418,0.33553454279899597,0.9425261616706848,1.4342707395553589,0.7871369123458862
419,0.3124772906303406,0.9448542594909668,1.4297783374786377,0.7909126281738281
420,0.30886563658714294,0.9460861086845398,1.3637759685516357,0.8271685242652893
421,0.29201260209083557,0.9483437538146973,1.3589105606079102,0.8146185278892517
422,0.2915753722190857,0.9492258429527283,1.3620970249176025,0.8373167514801025
423,0.297366738319397,0.943829357624054,1.4325870275497437,0.8324882388114929
424,0.2632070779800415,0.9595621228218079,1.459397792816162,0.8161265850067139
425,0.2374105453491211,0.9604952335357666,1.4560495615005493,0.827197253704071
426,0.24467597901821136,0.9618991613388062,1.4825857877731323,0.8234083652496338
427,0.2774094045162201,0.953952968120575,1.2857589721679688,0.8338905572891235
428,0.24840067327022552,0.9658069610595703,1.3933225870132446,0.8290867805480957
429,0.3123660385608673,0.9406271576881409,1.526602864265442,0.8076087832450867
430,0.3084258437156677,0.9451240301132202,1.556807518005371,0.8253677487373352
431,0.46462857723236084,0.9133210778236389,1.6142367124557495,0.7936457991600037
432,0.4199330508708954,0.9187110662460327,1.364516258239746,0.8326740860939026
433,0.324187695980072,0.9335901737213135,1.4464912414550781,0.8077819347381592
434,0.3288930356502533,0.9352331757545471,1.3469129800796509,0.8258917331695557
435,0.3130185604095459,0.9446370005607605,1.330743670463562,0.8450894355773926
436,0.3924144208431244,0.923628568649292,1.4699039459228516,0.7914248704910278
437,0.34868842363357544,0.93276047706604,1.602544903755188,0.792094349861145
438,0.301960289478302,0.9440034627914429,1.3660888671875,0.7987277507781982
439,0.33363744616508484,0.9407530426979065,1.420874834060669,0.7992149591445923
440,0.31200921535491943,0.947064220905304,1.3605393171310425,0.8253949880599976
441,0.3167595863342285,0.9467052221298218,1.3067677021026611,0.812448263168335
442,0.30425789952278137,0.9489647150039673,1.4538805484771729,0.8173202276229858
443,0.24951374530792236,0.9596936106681824,1.5134339332580566,0.8123369812965393
444,0.2601756155490875,0.9599257707595825,1.644756555557251,0.8090971112251282
445,0.2894972562789917,0.947096586227417,1.4938074350357056,0.815908670425415
446,0.2374882996082306,0.9598748683929443,1.5536105632781982,0.8161545395851135
447,0.2515469789505005,0.9601060748100281,1.3970019817352295,0.8045223951339722
448,0.2747138440608978,0.9555005431175232,1.5639870166778564,0.8197834491729736
449,0.30394527316093445,0.9446111917495728,1.5310908555984497,0.8147345185279846
450,0.30723169445991516,0.9429364800453186,1.4925107955932617,0.8049716353416443
451,0.2983635663986206,0.9427778720855713,1.5508960485458374,0.7990908026695251
452,0.2707963287830353,0.9514047503471375,1.4439164400100708,0.8191653490066528
453,0.2413724660873413,0.962492048740387,1.5889778137207031,0.7984572052955627
454,0.265532523393631,0.9569946527481079,1.5596389770507812,0.7939630150794983
455,0.32809656858444214,0.9424038529396057,1.708929419517517,0.8006468415260315
456,0.3201374113559723,0.9422177076339722,1.3757169246673584,0.8187605142593384
457,0.2928105890750885,0.9532535076141357,1.4826784133911133,0.7930681109428406
458,0.2771088778972626,0.952040433883667,1.4952980279922485,0.8227459788322449
459,0.2828625738620758,0.9521171450614929,1.3543637990951538,0.8265835642814636
460,0.38997089862823486,0.9260075092315674,1.3733280897140503,0.8102269768714905
461,0.3158961236476898,0.9395008087158203,1.432532787322998,0.8163861632347107
462,0.2880740761756897,0.9556701183319092,1.3584620952606201,0.8355834484100342
463,0.28175634145736694,0.9508452415466309,1.3744401931762695,0.8345052599906921
464,0.3044322729110718,0.9436931014060974,1.4417988061904907,0.7963349223136902
465,0.355877161026001,0.937968373298645,1.318637490272522,0.8317239880561829
466,0.26819413900375366,0.9590885639190674,1.3962674140930176,0.8290826678276062
467,0.2718914747238159,0.9529484510421753,1.4746286869049072,0.8284671306610107
468,0.2920725345611572,0.9523918032646179,1.3347371816635132,0.8110960125923157
469,0.2881813049316406,0.9504052996635437,1.3515229225158691,0.8168181777000427
470,0.2726283669471741,0.9532713294029236,1.4725314378738403,0.8195692300796509
471,0.326846718788147,0.9389300346374512,1.4524204730987549,0.8016617298126221
472,0.38147997856140137,0.9339650869369507,1.3010860681533813,0.8343024253845215
473,0.31190282106399536,0.9404705762863159,1.4986363649368286,0.8143487572669983
474,0.2616119980812073,0.9507883191108704,1.3668947219848633,0.8329753875732422
475,0.26829439401626587,0.9536987543106079,1.337654709815979,0.8336677551269531
476,0.2563211917877197,0.9592397809028625,1.3572826385498047,0.8275424242019653
477,0.27934926748275757,0.9525129795074463,1.3989015817642212,0.822167158126831
478,0.35002055764198303,0.9333877563476562,1.508094072341919,0.8077306151390076
479,0.3111446797847748,0.9467658996582031,1.3798036575317383,0.8161622881889343
480,0.30263713002204895,0.9495406150817871,1.3524945974349976,0.8352511525154114
481,0.28092169761657715,0.9488939642906189,1.5959421396255493,0.830746054649353
482,0.26783573627471924,0.9556406140327454,1.403864860534668,0.8358162045478821
483,0.25633731484413147,0.9570596814155579,1.2857574224472046,0.8472061157226562
484,0.2808985114097595,0.9545729756355286,1.4179580211639404,0.8296909332275391
485,0.2659572958946228,0.9578094482421875,1.3024176359176636,0.847775936126709
486,0.26230618357658386,0.9615740776062012,1.4289454221725464,0.8111765384674072
487,0.27838248014450073,0.9505797624588013,1.3806792497634888,0.8358964323997498
488,0.2505084276199341,0.9615887403488159,1.352229118347168,0.8230195045471191
489,0.2931889295578003,0.951073169708252,1.4428285360336304,0.8000537753105164
490,0.3413412272930145,0.9392063617706299,1.4840501546859741,0.7953025698661804
491,0.3191136121749878,0.9400848150253296,1.4856363534927368,0.8229643106460571
492,0.2934594452381134,0.9516265988349915,1.4632353782653809,0.8162684440612793
493,0.2956213057041168,0.9488121271133423,1.2660291194915771,0.8316506147384644
494,0.29856953024864197,0.9505473375320435,1.3989306688308716,0.823113203048706
495,0.29230791330337524,0.9508945345878601,1.3803542852401733,0.842725396156311
496,0.2552746534347534,0.9591885209083557,1.3800625801086426,0.8291938304901123
497,0.28247877955436707,0.9533918499946594,1.341681957244873,0.8290565013885498
498,0.3256598711013794,0.9469737410545349,1.4800742864608765,0.8137473464012146
499,0.343593567609787,0.9371790885925293,1.4550855159759521,0.8170526027679443
